<?xml version="1.0" encoding="UTF-8"?><?xml-stylesheet type='text/xsl' href='_UpgradeReport_Files/UpgradeReport.xslt'?><UpgradeLog>
<Properties><Property Name="Solution" Value="SPImg">
</Property><Property Name="Solution File" Value="D:\Project\SPImg\SPImg.sln">
</Property><Property Name="User Options File" Value="D:\Project\SPImg\SPImg.suo">
</Property><Property Name="Date" Value="11 октября 2010 г.">
</Property><Property Name="Time" Value="13:17">
</Property></Properties><Event ErrorLevel="0" Project="" Source="SPImg.sln" Description="File successfully backed up as D:\Project\SPImg\Backup\SPImg.sln">
</Event><Event ErrorLevel="0" Project="" Source="SPImg.suo" Description="File successfully backed up as D:\Project\SPImg\Backup\SPImg.suo">
</Event><Event ErrorLevel="0" Project="SPimg" Source="WindowsFormsApplication1\SPimg.csproj" Description="Project file successfully backed up as D:\Project\SPImg\Backup\WindowsFormsApplication1\SPimg.csproj">
</Event><Event ErrorLevel="0" Project="SPimg" Source="WindowsFormsApplication1\SPimg.csproj.user" Description="Project user file successfully backed up as D:\Project\SPImg\Backup\WindowsFormsApplication1\SPimg.csproj.user">
</Event><Event ErrorLevel="0" Project="SPimg" Source="WindowsFormsApplication1\DataSet1.Designer.cs" Description="File successfully backed up as D:\Project\SPImg\Backup\WindowsFormsApplication1\DataSet1.Designer.cs">
</Event><Event ErrorLevel="0" Project="SPimg" Source="WindowsFormsApplication1\Model\Drawing.cs" Description="File successfully backed up as D:\Project\SPImg\Backup\WindowsFormsApplication1\Model\Drawing.cs">
</Event><Event ErrorLevel="0" Project="SPimg" Source="WindowsFormsApplication1\DrawingFinder.cs" Description="File successfully backed up as D:\Project\SPImg\Backup\WindowsFormsApplication1\DrawingFinder.cs">
</Event><Event ErrorLevel="0" Project="SPimg" Source="WindowsFormsApplication1\Form1.cs" Description="File successfully backed up as D:\Project\SPImg\Backup\WindowsFormsApplication1\Form1.cs">
</Event><Event ErrorLevel="0" Project="SPimg" Source="WindowsFormsApplication1\Form1.Designer.cs" Description="File successfully backed up as D:\Project\SPImg\Backup\WindowsFormsApplication1\Form1.Designer.cs">
</Event><Event ErrorLevel="0" Project="SPimg" Source="WindowsFormsApplication1\FormatDetector.cs" Description="File successfully backed up as D:\Project\SPImg\Backup\WindowsFormsApplication1\FormatDetector.cs">
</Event><Event ErrorLevel="0" Project="SPimg" Source="WindowsFormsApplication1\Model\DrawingStatus.cs" Description="File successfully backed up as D:\Project\SPImg\Backup\WindowsFormsApplication1\Model\DrawingStatus.cs">
</Event><Event ErrorLevel="0" Project="SPimg" Source="WindowsFormsApplication1\Program.cs" Description="File successfully backed up as D:\Project\SPImg\Backup\WindowsFormsApplication1\Program.cs">
</Event><Event ErrorLevel="0" Project="SPimg" Source="WindowsFormsApplication1\Properties\AssemblyInfo.cs" Description="File successfully backed up as D:\Project\SPImg\Backup\WindowsFormsApplication1\Properties\AssemblyInfo.cs">
</Event><Event ErrorLevel="0" Project="SPimg" Source="WindowsFormsApplication1\Properties\Resources.Designer.cs" Description="File successfully backed up as D:\Project\SPImg\Backup\WindowsFormsApplication1\Properties\Resources.Designer.cs">
</Event><Event ErrorLevel="0" Project="SPimg" Source="WindowsFormsApplication1\Properties\Settings.Designer.cs" Description="File successfully backed up as D:\Project\SPImg\Backup\WindowsFormsApplication1\Properties\Settings.Designer.cs">
</Event><Event ErrorLevel="0" Project="SPimg" Source="WindowsFormsApplication1\app.config" Description="File successfully backed up as D:\Project\SPImg\Backup\WindowsFormsApplication1\app.config">
</Event><Event ErrorLevel="0" Project="SPimg" Source="WindowsFormsApplication1\DataSet1.xsc" Description="File successfully backed up as D:\Project\SPImg\Backup\WindowsFormsApplication1\DataSet1.xsc">
</Event><Event ErrorLevel="0" Project="SPimg" Source="WindowsFormsApplication1\DataSet1.xsd" Description="File successfully backed up as D:\Project\SPImg\Backup\WindowsFormsApplication1\DataSet1.xsd">
</Event><Event ErrorLevel="0" Project="SPimg" Source="WindowsFormsApplication1\DataSet1.xss" Description="File successfully backed up as D:\Project\SPImg\Backup\WindowsFormsApplication1\DataSet1.xss">
</Event><Event ErrorLevel="0" Project="SPimg" Source="WindowsFormsApplication1\Properties\Settings.settings" Description="File successfully backed up as D:\Project\SPImg\Backup\WindowsFormsApplication1\Properties\Settings.settings">
</Event><Event ErrorLevel="0" Project="SPimg" Source="WindowsFormsApplication1\Form1.resx" Description="File successfully backed up as D:\Project\SPImg\Backup\WindowsFormsApplication1\Form1.resx">
</Event><Event ErrorLevel="0" Project="SPimg" Source="WindowsFormsApplication1\Properties\Resources.resx" Description="File successfully backed up as D:\Project\SPImg\Backup\WindowsFormsApplication1\Properties\Resources.resx">
</Event><Event ErrorLevel="0" Project="SPimg" Source="WindowsFormsApplication1\SPimg.csproj" Description="Project converted successfully">
</Event><Event ErrorLevel="3" Project="SPimg" Source="WindowsFormsApplication1\SPimg.csproj" Description="Converted">
</Event><Event ErrorLevel="0" Project="" Source="SPImg.sln" Description="Solution converted successfully">
</Event><Event ErrorLevel="3" Project="" Source="SPImg.sln" Description="Converted">
</Event><Event ErrorLevel="0" Project="SPimg" Source="WindowsFormsApplication1\SPimg.csproj" Description="Scan complete: Upgrade not required for project files.">
</Event></UpgradeLog>